Age,YearsWithCurrManager,JobLevel,MaritalStatus,MonthlyIncome,OverTime,StockOptionLevel,TotalWorkingYears,YearsAtCompany,YearsInCurrentRole,Attrition
40.806215722120655,7.336380255941499,2.886654478976234,1.0438756855575868,9477.257769652651,0.25411334552102377,0.8409506398537477,17.36563071297989,12.074954296160877,7.396709323583181,0.016453382084095063
34.62296858071506,2.218851570964247,1.5763813651137595,1.1289274106175515,4515.624052004334,0.3001083423618635,0.7659804983748646,7.672806067172265,4.005417118093175,2.352112676056338,0.24702058504875407
