Age,YearsWithCurrManager,JobLevel,MaritalStatus,MonthlyIncome,OverTime,StockOptionLevel,TotalWorkingYears,YearsAtCompany,YearsInCurrentRole,Attrition
42.961290322580645,7.210752688172043,3.2301075268817203,0.9935483870967742,10892.41935483871,0.26666666666666666,0.8709677419354839,19.29032258064516,12.746236559139785,7.490322580645161,0.07741935483870968
34.13034825870647,2.6945273631840796,1.5243781094527362,1.1452736318407961,4265.677611940298,0.29054726368159206,0.7582089552238805,7.573134328358209,4.353233830845771,2.720398009950249,0.2
